Total Production,Vinnytsia,Volyn,Dnipropetrovsk,Donetsk,Zhytomyr,Transcarpathian,Zaporizhzhia,Ivano-Frankivsk,Kyiv,Kirovohrad,Luhansk,Lviv,Mykolaiv,Odessa,Poltava,Rivne,Sumy,Ternopil,Kharkiv,Kherson,Khmelnytskyi,Cherkasy,Chernivtsi,Chernihiv
0,,,,,,,,,,,,,,,,,,,,,,,,
1000000,274.08999993376005,448.670878531033,232.977999938176,232.977999938176,428.54451709204386,274.08999993376005,256.48366827359337,430.81837067385305,349.47199996246405,274.08999993376005,327.46435097302174,428.52563869219495,232.977999938176,232.977999938176,274.08999993376005,444.5096817643226,427.57113093759097,356.31399992492805,308.34999996688003,232.977999938176,308.34999996688003,274.08999993376005,450.0182001202544,414.3772270431422
2000000,274.09000003312,448.6708795344835,232.97800003091203,232.97800003091203,428.54451785397805,274.09000003312,256.48366906320337,430.8183714630735,349.47200001876803,274.09000003312,327.4643525134892,428.52563945390256,232.97800003091203,232.97800003091203,274.09000003312,444.50968271783876,427.5711319312045,356.314000037536,308.35000001656,232.97800003091203,308.35000001656,274.09000003312,450.01820113987276,414.37722787842887
3000000,274.09,448.6708792,232.978,232.978,428.5445176,274.09,256.48366880000003,430.8183712,349.472,274.09,327.464352,428.5256392,232.978,232.978,274.09,444.5096824,427.5711316,356.314,308.35,232.978,308.35,274.09,450.0182008,414.3772276
4000000,274.08999983440003,448.6708775275824,232.97799984544002,232.97799984544002,428.5445163301097,274.08999983440003,256.4836674839834,430.81836988463255,349.47199990616,274.08999983440003,327.46434943255423,428.5256379304872,232.97799984544002,232.97799984544002,274.08999983440003,444.50968081080634,427.5711299439774,356.31399981232005,308.3499999172,232.97799984544002,308.3499999172,274.08999983440003,450.018199100636,414.3772262078555
5000000,274.09000013248004,448.67088053793407,232.978000123648,232.978000123648,428.5445186159123,274.09000013248004,256.48366985281325,430.81837225229395,349.472000075072,274.09000013248004,327.4643540539567,428.5256402156102,232.978000123648,232.978000123648,274.09000013248004,444.50968367135494,427.5711329248182,356.31400015014395,308.35000006623994,232.978000123648,308.35000006623994,274.09000013248004,450.01820215949124,414.3772287137157
6000000,274.09,448.6708792,232.978,232.978,428.5445176,274.09,256.48366880000003,430.8183712,349.472,274.09,327.464352,428.5256392,232.978,232.978,274.09,444.5096824,427.5711316,356.314,308.35,232.978,308.35,274.09,453.84978184000005,414.3772276
7000000,274.0899999053715,448.6708782443328,232.97799991167997,232.97799991167997,428.54451687434835,274.0899999053715,256.48366804799053,430.81837044836146,349.4719999463772,274.0899999053715,327.46435053288815,428.5256384745642,232.97799991167997,232.97799991167997,274.0899999053715,448.41144634607616,427.57113065370135,356.3139998927543,308.3499999526857,232.97799991167997,308.3499999526857,274.0899999053715,458.71170292958055,414.3772268044888
8000000,274.0900000828,448.67088003620876,232.97800007727997,232.97800007727997,428.5445182349452,274.0900000828,256.4836694580083,430.8183718576837,349.47200004692,274.0900000828,327.4643532837229,428.52563983475636,232.97800007727997,232.97800007727997,274.0900000828,458.46478419364104,427.57113242801137,356.31400009384,308.3500000414,232.97800007727997,308.3500000414,274.0900000828,458.7117049366171,414.3772282960723
9000000,274.09,461.12544912000004,232.978,232.978,428.5445176,274.09,256.4836688,430.81837119999994,349.472,274.09,327.464352,428.52563919999994,232.978,232.978,274.09,461.501236,427.5711316,356.314,308.35,232.978,308.35,274.09,458.711704,414.37722759999997
10000000,274.08999993376005,477.4147143413304,232.977999938176,232.977999938176,428.5445170920438,274.08999993376005,256.48366827359337,430.818370673853,349.471999962464,274.08999993376005,327.4643509730217,428.52563869219483,232.977999938176,232.977999938176,274.08999993376005,461.5012352283901,427.57113093759097,356.31399992492794,308.34999996688,232.977999938176,308.34999996688,274.08999993376005,458.71170325070636,421.9544029185248
11000000,274.0900000602182,490.7422989261479,232.97800005620363,232.97800005620363,428.54451806177826,274.0900000602182,256.4836692785515,430.8183716783154,349.4720000341236,274.0900000602182,327.4643529336167,428.525639661641,232.97800005620363,232.97800005620363,274.0900000602182,461.5012367014635,427.57113220219003,356.3140000682473,308.3500000301091,232.97800005620363,308.3500000301091,274.0900000602182,458.711704681176,433.994027608902
12000000,274.09,492.9173776,232.978,232.978,428.5445176,274.09,256.48366880000003,430.8183712,349.472,274.09,327.464352,428.5256392,232.978,232.978,274.09,461.501236,427.5711316,366.51237572,308.35,232.978,308.35,274.09,458.711704,444.02704648
13000000,274.08999994904616,492.91737681312384,232.97799995244307,232.97799995244307,428.54451720926454,274.08999994904616,256.4836683950718,430.81837079527156,349.4719999711262,274.08999994904616,327.4643512100167,428.52563880938067,232.97799995244307,232.97799995244307,274.08999994904616,461.50123540645393,427.57113109045457,377.24334080556997,308.3499999745231,232.97799995244307,308.3499999745231,274.08999994904616,458.7117034236203,452.51652387232906
14000000,274.09000004731433,492.9173783306707,232.97800004415998,232.97800004415998,428.5445179628258,274.09000004731433,256.48366917600475,457.76388356527923,349.4720000268114,274.09000004731433,327.464352733556,428.52563956271797,232.97800004415998,232.97800004415998,274.09000004731433,461.50123655115,427.5711320731493,366.49900967753723,308.3500000236572,232.97800004415998,308.3500000236572,274.09000004731433,458.7117045352098,459.7932206687041
15000000,274.09,489.93483585599995,232.978,232.978,428.5445176,274.09,256.4836688,486.89826545600005,349.472,274.09,327.464352,428.5256392,232.978,232.978,274.09,461.501236,427.5711316,356.314,308.35,232.978,308.35,274.09,458.711704,466.09968942399996
16000000,274.0899999586,479.52052056764734,232.97799996135996,232.97799996135996,428.5445172825274,274.0899999586,256.48366847099584,499.08514892982424,349.47199997654,274.0899999586,327.4643513581385,442.05743733354245,232.97799996135996,232.97799996135996,274.0899999586,461.50123551774374,427.57113118599443,356.31399995308,308.3499999793,232.97799996135996,308.3499999793,274.0899999586,458.7117035316914,471.61784952576073
17000000,274.0900000389648,470.331420415442,232.97800003636704,232.97800003636704,428.5445178987977,274.0900000389648,256.4836691096509,499.08515023075364,349.47200002207995,274.0900000389648,327.46435260410493,464.93311775137505,232.97800003636704,232.97800003636704,274.0900000389648,461.5012364538882,427.5711319896524,356.3140000441601,308.35000001948237,232.97800003636704,308.35000001948237,274.0900000389648,458.711704440761,478.62285037457895
18000000,274.09,462.16332994666664,232.978,232.978,428.5445176,274.09,256.4836688,499.08514959999997,349.472,274.09,327.464352,485.26705381333335,232.978,232.978,274.09,461.501236,427.5711316,356.314,308.35,232.978,308.35,274.09,458.711704,490.61655304
19000000,274.0899999651368,458.36543305985504,232.97799996746102,232.97799996746102,428.54451733265466,274.0899999651368,256.48366852294384,499.08514903564145,349.9967149085612,274.0899999651368,327.46435145948504,497.95244504041074,232.97799996746102,232.97799996746102,274.0899999651368,461.5012355938895,427.5711312513637,356.31399996048845,308.3499999825684,232.97799996746102,308.3499999825684,274.0899999651368,462.5030468512571,500.826201236236
20000000,274.09000003312,462.22341833656964,232.978000030912,232.978000030912,428.5445178539781,274.09000003312,256.4836690632033,499.08515013614067,356.0234407489738,274.09000003312,327.4643525134892,497.95244613160986,232.978000030912,232.978000030912,274.09000003312,461.501236385805,427.5711319312046,356.314000037536,308.35000001656,232.978000030912,308.35000001656,274.09000003312,473.7736761558862,504.4938162122464
21000000,274.09000000000003,465.71397487999997,232.978,232.978,428.54451759999995,274.09000000000003,256.4836688,499.08514959999997,375.1758926171429,274.09000000000003,327.464352,497.9524456,232.978,232.978,274.09000000000003,461.501236,427.5711316,356.314,308.35,232.978,308.35,274.09000000000003,483.97091093714283,494.19483889142856
22000000,274.0899999698909,468.8872080770683,232.97799997189816,232.97799997189816,428.5445173691108,274.0899999698909,256.48366856072425,499.0851491125994,399.14728515024814,274.0899999698909,327.46435153319163,497.95244511671837,232.97799997189816,232.97799997189816,274.0899999698909,461.5012356492682,427.571131298905,356.31399996587646,308.34999998494544,232.97799997189816,308.34999998494544,274.0899999698909,493.24112430385816,478.31152186105834
23000000,274.09000002880003,471.7845094737513,232.97800002687998,232.97800002687998,428.5445178208505,274.09000002880003,256.48366902887244,499.08515006620934,421.0342081724129,274.09000002880003,327.46435244651235,497.9524460622694,232.97800002687998,232.97800002687998,274.09000002880003,461.5012363354826,427.571131888004,356.31400003263997,308.3500000144,232.97800002687998,308.3500000144,274.09000002880003,501.7052339892282,463.80936009289314
24000000,274.09,474.44036762,232.978,232.978,428.5445176,274.09,256.48366880000003,499.0851496,441.09722144,274.09,327.464352,497.95244560000003,232.978,232.978,274.09,461.501236,427.5711316,356.314,308.35,232.978,311.73831998,274.09,506.4993928,450.51571448000004
25000000,274.08999986752,476.8837538774191,232.97799988518398,232.97799988518398,428.5445155681755,274.08999986752,256.4836678223877,499.08514531087536,459.5551902306356,274.08999986752,327.4643499460434,497.95244134712186,232.97799988518398,232.97799988518398,274.08999986752,461.50123291356056,427.5711289503639,356.31399969971204,308.34999986752,232.97799988518398,319.89658467699905,274.08999986752,506.49938827361956,438.2855573682702
26000000,274.09000012738466,479.13919811649527,232.9780001104,232.9780001104,428.54451955367756,274.09000012738466,256.48366974001186,499.0851537241586,469.50871662798886,274.09000012738466,327.46435397495844,497.95244968930615,232.9780001104,232.9780001104,274.09000012738466,461.50123896773044,427.83275590587016,356.3140002887385,308.3500001273846,232.9780001104,327.4272926976765,274.09000012738466,506.49939715228913,434.03818553245543
27000000,274.09,481.22756197333337,232.978,232.978,428.5445176,274.09,256.4836688,499.08514959999997,470.53123039999997,274.09,327.464352,497.9524456,232.978,232.978,274.09,461.501236,428.37758152000004,356.314,308.35,232.978,334.40016820444447,274.09,506.49939279999995,438.24983656
28000000,274.08999988171433,483.81055838549963,232.9779998974857,232.9779998974857,428.54451578587094,274.08999988171433,256.4836679271319,499.0851457704244,470.5312268071079,274.08999988171433,327.46435016611014,496.9422669307947,232.9779998974857,232.9779998974857,274.08999988171433,461.50123324425056,428.9185517454211,356.31399973188576,308.34999988171427,232.9779998974857,341.6696829713575,274.08999988171433,506.49938875858885,443.1044275751942
29000000,274.09000011420693,489.7754808470077,232.97800009897932,232.97800009897932,428.54451935157294,274.09000011420693,256.4836696427693,499.0851532975215,470.53123386899955,274.09000011420693,327.46435377065234,490.41569161890334,232.97800009897932,232.97800009897932,274.09000011420693,461.5012386607238,429.42222062107396,356.314000258869,308.35000011420686,232.97800009897932,352.83238070059144,274.09000011420693,506.4993967020523,447.6242278810484
30000000,274.09,492.9173776,232.978,232.978,428.5445176,274.09,256.4836688,499.0851496,470.5312304,274.09,327.464352,484.32422063999996,232.978,232.978,274.09,471.9201815360001,429.892304848,359.08346716799997,308.35,232.978,353.864746,274.09,506.4993928,451.842699664
31000000,274.0899997863226,492.9173743001968,232.97799990740643,232.97799990740643,428.5445159614319,274.0899997863226,256.48366801160296,499.08514614102853,470.5312271548071,274.0899997863226,327.46434868716676,478.62574809302447,232.97799990740643,232.97799990740643,274.0899997863226,482.7389613554759,430.3320610368059,365.03045716226313,308.3499998931613,232.97799990740643,353.86474471858725,274.0899997863226,506.4993891496932,455.7890117663797
32000000,274.09000020700006,492.91738079668454,232.97800008970003,232.97800008970003,428.544519187363,274.09000020700006,256.4836695637597,499.0851529508788,470.5312335437809,274.09000020700006,327.4643552093074,473.2834324451256,232.97800008970003,232.97800008970003,274.09000020700006,492.88157609544805,430.74433885840125,370.6057608069402,308.35000010349995,232.97800008970003,353.86474724136866,274.09000020700006,506.49939633623495,459.4886881513116
33000000,274.09,492.9173776,232.978,232.978,428.54451760000006,274.09,256.48366880000003,499.0851496,459.65532093090906,274.09,327.464352,468.2648886545454,232.978,232.978,274.09,502.4094782690909,431.53325512,375.8431665163636,308.35,232.978,353.864746,274.09,506.4993928,473.7746215490909
34000000,274.0899998051765,492.9173745913559,232.97799991557645,232.97799991557645,428.5445161060114,274.0899998051765,256.4836680811674,499.0851464462318,421.4373123233574,274.0899998051765,327.4643489794756,463.54155355145537,232.97799991557645,232.97799991557645,274.0899998051765,511.3769182537805,432.04166714654906,380.77248929778034,308.34999990258825,232.97799991557645,353.86474483165307,289.87562270383995,506.49938947177907,500.7664254573495
35000000,274.0900001892572,492.91738052268295,232.97800008201145,232.97800008201145,428.54451905130327,274.0900001892572,256.48366949829455,499.08515266366066,407.759049768664,274.0900001892572,327.46435493422393,459.0881295225079,232.97800008201145,232.97800008201145,274.0900001892572,519.8319337790113,432.0416711947811,385.42013821924536,308.3500000946285,232.97800008201145,353.8647471349656,301.6710785344517,506.499396033129,509.430414327466
36000000,274.09,492.9173776,232.978,232.978,428.5445176,274.09,256.4836688,499.08514959999997,414.42002192,274.09,327.464352,454.882112,232.978,232.978,274.09,522.1287208,432.04166919999994,395.66128066666664,308.35,232.978,353.864746,304.8777448,506.4993928,507.6382752800001
37000000,274.089999820973,492.9173748353,232.9779998329081,232.9779998329081,460.28670310190915,274.089999820973,256.4836673772794,499.0851467019428,416.6281976032822,274.089999820973,327.46434922438294,450.9034458092669,232.9779998329081,232.9779998329081,274.089999820973,522.1287174037034,432.0416673130451,407.58381323933065,308.3499999104865,232.9779998329081,353.8647449263839,307.9110776189782,506.4993897416348,505.9430086888815
38000000,274.09000017431583,492.9173802919448,232.9780001626947,232.9780001626947,492.2432979240694,274.09000017431583,256.48367018528063,499.08515242179266,418.47710609888645,274.09000017431583,327.46435470257467,447.1341913800452,232.9780001626947,232.9780001626947,274.09000017431583,522.1287241069205,432.0416710372983,418.87884715738926,308.35000008715787,232.9780001626947,353.86474704536306,310.784762246875,506.499395777882,504.33697648911993
39000000,274.09,492.9173776,232.978,232.978,522.56108584,274.09,256.48366880000003,499.0851496,420.23119427692313,274.09,327.464352,443.55822406153845,232.978,232.978,274.09,522.1287208,432.0416692,429.5946453538462,308.35,232.978,353.864746,313.5110785846154,506.49939279999995,502.81329536615385
40000000,274.08999983440003,492.91737504265245,232.97799984543997,232.97799984543997,551.3629831777404,274.08999983440003,256.4836674839834,499.2788704821923,421.89757797764844,274.08999983440003,327.46434943255423,440.44390612412184,232.97799984543997,232.97799984543997,274.08999983440003,522.1287176584256,432.04166745456666,439.31472712204845,308.3499999172,232.97799984543997,353.8647450069051,316.10107899086245,506.4993899710122,501.3657958949876
41000000,274.090000161561,492.9173800949732,232.97800015079022,232.97800015079022,562.8539046595884,274.090000161561,256.48367008391864,502.452718546527,423.48267921371087,274.090000161561,327.46435450482534,441.84655639798154,232.97800015079022,232.97800015079022,274.090000161561,538.7208757652853,432.0416709028619,441.46292212412646,308.35000008078043,232.97800015079022,353.8647469688731,317.76056207880515,506.4993955599882,500.8755205942383
42000000,274.09000000000003,492.91737759999995,232.978,232.978,562.8539008,274.09000000000003,256.4836688,505.47542964571426,424.9922949714286,274.09000000000003,327.464352,443.18240944,232.978,232.978,274.09000000000003,565.9387267771428,432.0416692,443.5088126628571,308.35,232.978,353.864746,317.76056,506.4993928,502.15102754285715
43000000,274.0899998459535,492.91737522107206,232.97799985622325,232.97799985622325,562.8538971199275,274.0899998459535,256.4836675757985,508.35754942112845,426.43169598787546,274.0899998459535,327.46434961167836,444.45612973383936,232.97799985622325,232.97799985622325,274.0899998459535,591.8906302411045,432.04166757634107,445.45954542775627,308.34999992297674,232.97799985622325,353.86474507619073,317.7605580178836,506.4993901683834,503.3672082105721
44000000,274.09000015054545,492.91737992486145,232.97800014050907,232.97800014050907,562.8539043964346,274.09000015054545,256.4836699963787,511.1086657666447,427.8056741641032,274.09000015054545,327.4643543340418,445.67195800403556,232.97800014050907,232.97800014050907,274.09000015054545,616.6629145529621,432.04167078675766,447.321619631276,308.35000007527276,232.97800014050907,353.86474690281364,308.8775707058067,506.4993953718071,524.9671581793342
45000000,274.09000000000003,492.9173776,232.978,232.978,562.8539008,274.09000000000003,256.4836688,513.737508256,429.11858224,274.09000000000003,327.464352,446.833745184,232.978,232.978,274.09000000000003,640.334195472,432.0416692,449.1009240853333,308.35,232.978,353.864746,293.741752,506.4993928,553.908969824
46000000,274.089999856,494.0080623172511,232.97799986559997,232.97799986559997,567.1863265005425,274.089999856,256.48366765563776,516.2520531563679,430.3744073114016,274.089999856,327.4643497674385,447.94501983834743,232.97799986559997,232.97799986559997,274.089999856,662.2317804316211,432.04166768223195,450.4714497413912,308.349999928,232.97799986559997,353.8647451364392,284.2386580565656,506.49939034001056,572.8799939935841
47000000,274.0900001409362,525.7666775390072,232.97800013154043,232.97800013154043,579.879654245313,274.0900001409362,256.4836699200141,518.6595984292152,431.57679740930723,274.0900001409362,327.46435418506036,449.00901046057885,232.97800013154043,232.97800013154043,274.0900001409362,662.2317906584134,432.04167068547525,442.45076428509486,308.3500000704681,232.97800013154043,353.8647468451872,284.95189069720357,506.49939520764923,573.8594346816741
48000000,274.09,572.03316262,232.978,232.978,576.2129218,274.09,256.48366880000003,520.96682704,432.7290836,274.09,327.464352,450.02866396,232.978,232.978,274.09,662.2317856000001,432.0416692,434.76426392,308.35,232.978,353.864746,285.6354043,506.4993928,574.7980432100001
49000000,274.0899998648164,585.3950822751823,232.97799987382857,232.97799987382857,603.7119940851525,274.0899998648164,256.48366772570074,523.1798805100832,433.834337664419,274.0899998648164,327.4643499041259,451.00669891662534,232.97799987382857,232.97799987382857,274.0899998648164,662.2317807480525,432.0416677751565,427.3915001130718,308.34999993240814,232.97799987382857,353.86474518931027,286.2910193665333,506.4993904906222,575.6983411561264
50000000,274.09000013248004,614.135464578645,232.978000123648,232.978000123648,614.1981847863709,274.09000013248004,256.4836698528133,525.3044215789112,434.8953858578462,274.09000013248004,327.4643540539567,451.94561661592985,232.978000123648,232.978000123648,274.09000013248004,662.2317903549086,432.0416705963467,420.3136509103441,308.35000006624006,232.978000123648,353.864746794476,286.92041088686767,506.49939506319026,576.5626485480251
51000000,274.09,651.8237155247059,232.978,232.978,614.1981808,274.09,256.48366880000003,527.3456377317648,435.91482009411766,274.09,327.464352,452.8477099388235,232.978,232.978,274.09,662.2317856000001,432.0416692,413.51336056,308.35,232.978,353.864746,287.5251193411765,506.4993928,577.3930405741177
52000000,274.0899998726154,688.0624219837181,232.97799988110768,232.97799988110768,614.1981769669511,274.0899998726154,256.4836677876795,529.3083437910489,436.8950452905377,274.0899998726154,327.4643500250417,453.71510733745987,232.97799988110768,232.97799988110768,274.0899998726154,662.2317810279725,432.041667857359,406.97462019483226,308.3499999363077,232.97799988110768,353.8647452360808,288.10656975976326,506.49939062385556,578.1914944203013
53000000,274.0900001249812,722.9336401878784,232.97800011664907,232.97800011664907,614.1981845607273,274.0900001249812,256.48366979322014,526.955614535312,437.83828504238926,274.0900001249812,327.464353937695,454.54977678641166,232.97800011664907,232.97800011664907,274.0900001249812,662.2317900857628,432.04167051730826,404.9668031821637,308.35000006249055,232.97800011664907,353.8647467495056,288.66607973094193,506.4993949350852,578.9598381984719
54000000,286.8696568266667,749.5091128,232.978,232.978,604.2251354666666,274.09,256.4836688,527.8830799644445,438.7465858666667,274.09,327.464352,455.35352858666664,232.978,232.978,274.09,662.2317856,432.0416692,404.9668016,308.35,232.978,353.864746,289.20486604444443,506.49939279999995,579.6997048977778
55000000,304.2721848849137,748.7761165697476,232.97799988759272,232.97799988759272,614.1981771760264,274.08999987956366,256.48366784289703,530.809998814272,439.6218575441185,274.08999987956366,327.4643501327667,456.12805302577374,232.97799988759272,232.97799988759272,274.08999987956366,662.2317812773558,432.041667930594,404.96680007536963,308.3499999397818,232.97799988759272,353.86474527774914,289.7240601129763,506.4993907425543,580.4126670885695
56000000,329.2490785810576,749.5091182922731,232.97800011040005,232.97800011040005,614.1981843592597,274.0900001182858,256.48366974001186,533.6323837791599,440.46587359551256,274.0900001182858,327.46435383388996,456.8749197917846,232.97800011040005,232.97800011040005,274.0900001182858,662.2317898454543,432.0416704467382,404.96680309740486,308.35000005914287,232.97800011040005,353.86474670935354,290.2247126247648,506.4993948207057,581.1001863364053
57000000,354.05849324210527,749.5091128,232.978,232.978,614.1981808,274.09,256.4836688,536.355738703158,441.280271031579,274.09,327.464352,457.5955768505263,232.978,232.978,274.09,662.2317856,432.0416692,404.9668016,308.35,232.978,353.864746,290.70779730526317,506.49939280000007,581.7635624505264
58000000,378.01241283817063,749.5091074971157,232.97799989340686,232.97799989340686,614.1981773634733,274.08999988579313,256.48366789240237,538.9851846250932,442.06658577535745,274.08999988579313,327.46435022934776,458.29138364632576,232.97799989340686,232.97799989340686,274.75672113924713,662.2317815009409,432.0416679962529,404.9668001542298,308.34999994289655,232.97799989340686,353.864745315107,291.1742238802339,506.49939084897386,581.8999231292424
59000000,399.25800701027805,749.509118013005,232.97800010478647,232.97800010478647,614.1981841782805,274.09000011227124,256.4836696922147,541.1844179695986,442.8262497497797,274.09000011227124,327.4643537406413,458.9636075730659,232.97800010478647,232.97800010478647,275.57506757183637,664.1335213196244,432.0416703833447,405.3113269379337,308.3500000561356,232.97800010478647,353.8647466732847,291.62484047638867,506.4993947179579,581.8999296153211
60000000,418.721688256,749.5091128,232.978,232.978,614.1981808,274.09,256.4836688,542.654783392,443.56058768,274.09,327.464352,459.613420288,232.978,232.978,276.366135568,667.048632544,432.0416692,406.306532464,308.35,232.978,353.864746,292.06043544,506.4993928,581.8999264
61000000,426.6550673894898,749.5091077579132,232.97799989864916,232.97799989864916,614.1981775324828,274.08999989140983,256.4836679370383,544.0769400740928,444.2708489378249,274.08999989140983,327.46435031642903,460.2419276512533,232.97799989864916,232.97799989864916,277.131266810493,672.5974689118085,432.04166805545356,407.2691081462038,308.3499999457049,232.97799989864916,362.46303974618536,292.4817485902877,506.499390944926,581.8999232900994
62000000,426.65507653614736,749.5091177607629,232.97800009971616,232.97800009971616,614.1981840148153,274.0900001068388,256.483669649043,545.4532338541459,444.95820240229943,274.0900001068388,327.46435365641673,460.8501642761312,232.97800009971616,232.97800009971616,277.87171692439176,679.8910922731384,432.0416703260861,416.631111095076,308.35000005341936,232.97800009971616,368.4141148723069,292.88947208255865,506.4993946251535,581.899929459741
63000000,426.655072,749.5091127999999,232.978,232.978,614.1981807999999,274.09,256.48366880000003,546.6348712,445.62373131428575,274.09,327.464352,461.5902983085714,232.978,232.978,278.58866015999996,686.9531693866666,432.04166920000006,409.1025881752381,308.35,232.978,390.76958131428574,293.28425089523813,506.49939279999995,581.8999264
64000000,426.6550676056074,749.5091079942611,232.97799990339996,232.97799990339996,614.1981776856477,274.0899998965,256.48366797748963,546.6348689301891,446.2684624313942,274.0899998965,327.4643503953464,468.3843040668308,232.97799990339996,232.97799990339996,279.283198901852,693.7945527833658,432.0416681091042,409.9763547180099,308.34999994825,232.97799990339996,399.32909364351536,293.6666928603061,506.49939103188257,581.899923435876
65000000,426.65507632678674,749.5091175318046,232.97800009511388,232.97800009511388,614.1981838664392,274.0900001019077,256.4836696098564,546.6348734348908,446.8933594229337,274.0900001019077,327.4643535799667,465.2603201436133,232.97800009511388,232.97800009511388,279.9563677996925,700.4254491078539,432.0416702741129,410.8232387077673,308.35000005095384,232.97800009511388,417.3341802594459,294.03736846210694,506.49939454091566,581.8999293185223
66000000,426.655072,749.5091127999999,232.978,232.978,614.1981807999999,274.09,256.48366880000003,546.6348712,447.49931643636364,274.09,327.464352,467.0119215854546,232.978,232.978,280.60913706181816,706.8553893236364,432.0416692,411.6444570036364,308.35,232.978,430.01273952727274,294.3968104,506.4993928,581.8999263999999
67000000,426.65506780237126,749.5091082094435,232.97799990772535,232.97799990772535,614.1981778250964,274.0899999011343,256.4836680143184,546.6348690318224,448.08718516648133,274.0899999011343,329.3013938863889,486.09347376768767,232.97799990772535,232.97799990772535,281.2424206589724,713.0933905785528,432.0416681579502,431.9265236111785,308.34999995056717,232.97799990772535,405.4452321822659,294.74552208329885,506.49939111105203,581.899923568598
68000000,426.6550761358991,749.5091173230485,232.97800009091767,232.97800009091767,614.198183731155,274.0900000974118,256.4836695741274,568.6670857333493,448.6577672926797,274.0900000974118,331.1142400917775,470.36057124433916,232.97800009091767,232.97800009091767,281.8570788897144,713.840864103422,432.04167022672556,413.2144356634975,308.3500000487059,232.97800009091767,437.5319029590688,295.08398049249627,506.49939446411054,581.8999291897638
69000000,426.655072,749.5091128,232.978,232.978,614.1981807999999,274.09,256.4836688,593.07380944,449.2118072,274.09,332.8745408,471.96209935999997,232.978,232.978,282.45392032,713.84086,432.0416692,413.96529375999995,308.35,232.978,430.6030156,295.4126256,506.4993928,581.8999264
70000000,426.65506798226966,749.5091084061816,232.97799991167997,232.97799991167997,614.1981779525922,274.0899999053714,256.48366804799053,616.7831938638117,449.7500173831998,274.0899999053714,334.5845471626127,473.5178694934157,232.97799991167997,232.97799991167997,283.03370912454454,713.8408560138188,432.0416682026095,414.69469875111366,308.3499999526857,232.97799991167997,423.87209717478515,295.7318808398848,506.49939118343553,581.8999236899438
71000000,426.65507596114276,749.5091171319336,232.97800008707608,232.97800008707608,614.1981836073035,274.0900000932958,256.4836695414178,639.8247237786818,450.27307027034453,274.0900000932958,336.24638358234625,475.0298152049361,232.97800008707608,232.97800008707608,283.59716650553025,713.8408639300379,432.0416701833428,415.40355963477646,308.3500000466479,232.97800008707608,417.33079114552106,296.0421458345955,506.499394393796,581.8999290718865
72000000,426.655072,749.5091127999999,232.978,232.978,614.1981808,274.09,256.4836688,662.2261956799999,450.7815904,274.09,337.8620586,476.49976232,232.978,232.978,284.14497164,713.84086,432.04166919999994,416.0927274533333,308.35,232.978,410.9711792,296.34378953333334,506.4993928,581.8999264
73000000,426.6550681473818,749.5091085867494,232.97799991530957,232.97799991530957,614.198178069609,274.08999990926026,256.483668078895,684.0139281408524,451.2761784603158,274.08999990926026,339.43346851375003,477.9294368795869,232.97799991530957,232.97799991530957,284.67776840277907,713.8408561776345,432.0416682435982,416.7630139468946,308.3499999546301,232.97799991530957,404.7858033356712,296.63716901462607,506.49939124986963,581.8999238013159
74000000,426.6550758005559,749.5091169563149,232.97800008354596,232.97800008354596,614.1981834934938,274.0900000895135,256.48366951136035,705.2128216115333,451.7574027348909,274.0900000895135,340.9624073259379,479.32047301060294,232.97800008354596,232.97800008354596,285.19616593475473,713.8408637707121,432.0416701434775,417.4151870659247,308.35000004475677,232.97800008354596,398.76760586980845,296.92262209406294,506.4993943291826,581.8999289635668
75000000,426.655072,749.5091128,232.978,232.978,614.1981808,274.09,256.4836688,725.8463910208001,452.22579094400004,274.09,342.450574976,480.6744122432,232.978,232.978,285.70073885439996,714.3910245632001,432.0416692,418.0499664512,308.35,232.978,392.909889712,297.200460352,506.4993928,581.8999264
76000000,426.6550682994589,749.5091087530619,232.9779999186526,232.9779999186526,614.1981781773875,274.08999991284213,256.4836681073597,745.9369713327266,452.6818531378753,274.08999991284213,343.899580288564,515.3342995689577,232.9779999186526,232.9779999186526,286.192033528835,715.0894579448477,432.0416682813509,418.66804110262217,308.349999956421,232.9779999186526,353.8647454773184,297.4709870710612,506.499391311059,581.8999239038956
77000000,426.6550756524823,749.5091167943804,232.97800008029094,232.97800008029094,614.1981833885526,274.090000086026,256.483669483645,760.8888177126112,453.12607292827084,274.090000086026,345.31094869608097,511.06295119249523,232.97800008029094,232.97800008029094,286.6705680045633,715.676056230646,432.0416701067187,419.27006430600443,308.350000043013,232.97800008029094,358.5768695965859,297.73448981311884,506.4993942696041,581.8999288636876
78000000,426.655072,749.5091128,232.978,232.978,614.1981807999999,274.09,256.48366880000003,760.8888135999999,453.5588991384615,274.09,346.6861285538461,506.90111943384613,232.978,232.978,287.1368316676923,715.9519220061538,432.0416692,419.85664860307696,308.35,232.978,378.03703377846153,297.9912334153846,506.49939279999995,581.8999264
79000000,426.65506843998577,749.5091089067432,232.97799992174174,232.97799992174174,614.1981782769805,274.0899999161519,256.4836681336625,760.8888095915058,453.98076771442265,274.0899999161519,348.02649370416873,502.8446505877532,232.97799992174174,232.97799992174174,287.5912911781273,716.2208038324615,432.0416683162363,420.42838265305073,308.3499999580759,232.97799992174174,397.0045349520284,298.24147717448426,506.49939136760105,581.8999239986842
80000000,426.6550755155142,749.5091166445912,232.97800007728003,232.97800007728003,614.1981832914819,274.09000008280003,256.4836694580083,760.8888175583882,454.3920928561209,274.09000008280003,349.333349460202,498.8895981410431,232.97800007728003,232.97800007728003,288.03438991803034,716.482974030066,432.04167007271667,420.9858257516869,308.3500000414,232.97800007728003,415.49785300161915,298.48546745263667,506.499394214494,581.8999287712993
81000000,426.655072,749.5091127999999,232.978,232.978,614.1981807999999,274.09000000000003,256.48366880000003,760.8888136,454.7932585777778,274.09000000000003,350.6079374222223,488.0960121066667,232.978,232.978,288.4665472355556,718.1893504,432.0416692,421.5295024474074,308.35,232.978,439.0200339111111,298.72343069629636,506.4993928,581.8999264
82000000,426.6550685702302,749.5091090491793,232.97799992460486,232.97799992460486,614.1981783692861,274.0899999192195,256.48366815804064,760.888809738158,455.184639761906,274.0899999192195,351.85143784840704,489.22735082700143,232.97799992460486,232.97799992460486,288.88816412237264,716.9881109042758,432.04166834856915,481.9922369671721,308.3499999596097,232.97799992460486,393.9447325080254,299.6958603951448,506.49939142000596,581.1221659719863
83000000,426.65507538844736,749.50911650563,232.97800007448677,232.97800007448677,614.1981832014283,274.0900000798073,256.4836694342249,760.8888174153138,455.5665932702322,275.5352279526148,353.06497291069775,490.33143645239943,232.97800007448677,232.97800007448677,289.29962229463393,718.1893538037529,432.0416700411727,422.5775571949506,308.3500000399036,232.97800007448677,463.66758662204813,299.1821575514251,506.49939416336764,583.634168716763
84000000,426.655072,749.5091128,232.978,232.978,614.1981808,274.09000000000003,256.4836688,760.8888136000002,455.9394494857143,277.99907053714287,354.24961708571436,491.40922633142856,232.978,232.978,289.70128312,718.1893503999999,432.0416692,485.88172501714286,308.35,232.978,411.5987779657143,299.4033281714286,506.4993928,584.6087323428571
85000000,426.65506869128086,749.5091091815613,232.97799992726587,232.97799992726587,614.1981784550759,274.0899999220706,256.4836681806981,760.8888098744583,456.3035326068374,280.4049403804195,355.4063872581053,492.46165642854913,232.97799992726587,232.97799992726587,290.0934930949446,717.7012578600862,432.0416683786196,488.82533647343104,308.3499999610353,232.97799992726587,420.11425543549814,299.61929477272946,506.4993914687116,585.560365041973
86000000,426.65507527024573,749.5091163763639,232.9780000718884,232.9780000718884,614.1981831176574,274.09000007702326,256.48366941210077,760.8888172822216,456.65915179422467,282.75485969981725,356.5362518414527,493.4896192939034,232.9780000718884,232.9780000718884,290.4765826441417,718.1893536850173,432.04167001182947,490.99710517460215,308.3500000385116,232.9780000718884,428.17027155488637,299.8302413637995,506.49939411580834,586.4898734764639
87000000,426.655072,749.5091127999999,232.978,232.978,614.1981808,274.09000000000003,256.4836688,760.8888136,457.00659274482757,285.0507579255173,357.6401464275863,494.4939430234483,232.978,232.978,290.8508648055173,718.1893504,432.0416692,493.1189357351724,308.35,232.978,436.5179587310345,300.0363361655173,506.4993928,587.3980072413793
88000000,426.6550688040781,749.5091093049172,232.97799992974544,232.97799992974544,614.1981785350165,274.0899999247273,256.48366820181064,752.1960122686362,457.34613730394426,287.29447660481844,358.7189524805557,495.47544119563236,232.97799992974544,232.97799992974544,291.2166400091538,718.1893471896424,432.0416684066212,495.19254283577123,308.3499999623636,232.97799992974544,453.3715417676223,300.2377469907641,506.4993915140964,588.2855015862226
89000000,426.6550751600127,749.5091162558124,232.9780000694652,232.9780000694652,614.1981830395343,274.090000074427,256.48366939146814,741.772696429903,457.67805468672407,289.4877747637148,359.77351196578365,496.43489093069564,232.9780000694652,232.9780000694652,291.57419788360124,718.1893535742862,432.0416699844644,497.2195643190309,308.3500000372135,232.9780000694652,471.7729001093294,300.4346341322502,506.49939407145524,589.1530588124319
90000000,426.655072,749.5091128,232.978,232.978,614.1981808,274.09000000000003,256.4836688,731.580990368,458.00259312000003,291.63233282133336,360.80464048000005,497.373011936,232.978,232.978,291.92380771200004,718.1893504,432.0416692,452.87546377599995,308.35,232.978,536.0914,300.6271436266667,506.4993928,590.0013304800001
91000000,426.65506890943817,749.5091094201396,232.97799993206152,232.97799993206152,614.1981786096862,274.0899999272088,256.48366822153116,721.6132780231447,464.52440435161714,287.59692239119624,361.8131068111382,498.2905148809185,232.97799993206152,232.97799993206152,292.2657338018271,718.1893472954782,432.04166843277653,472.4108694923857,308.3499999636044,232.97799993206152,536.0913979614821,300.8154221398363,506.4993915564889,590.830958799464
92000000,426.6550750569688,749.5091161431227,232.9780000672,232.9780000672,614.198182966506,274.090000072,256.4836693721811,711.8622734166634,477.0134118895006,277.61073277578464,362.7996464279962,499.1880796329833,232.9780000672,232.9780000672,292.6002290050145,718.189353470777,432.0416699588841,491.5215990469063,308.350000036,232.9780000672,536.09140201636,300.9996099806766,506.4993940299948,591.642558146718
93000000,426.655072,749.617979308387,232.978,232.978,614.1981807999999,274.09000000000003,256.48366880000003,707.5429096619355,482.91019293935483,274.09000000000003,363.7649736258065,500.06633446709674,235.04749358451613,232.978,292.9275284954839,718.1893504000001,432.0416692,504.89169632,308.35,232.978,536.0914,301.1798344774194,506.49939279999995,592.4366973806451
94000000,426.65506900807316,749.5091095280076,232.97799993422976,232.97799993422976,614.6437955915421,274.0899999295319,256.48366823999294,714.3573761888392,485.1954744447476,274.0899999295319,364.7097619308112,500.925903013354,238.2138050257854,232.97799993422976,293.2478641614953,718.1893473945586,432.0416684572624,506.7077032886781,308.3499999647659,232.97799993422976,536.0913980265412,301.3562244073666,506.49939159617537,593.2139400217537
95000000,426.65507496043296,749.5091160375505,232.9780000650779,232.9780000650779,614.9734607454607,274.09000006972633,256.4836693541123,721.0283979779571,487.43264629372067,274.09000006972633,365.63465660677537,501.7673827315569,241.3134570873898,232.9780000650779,293.56145816031915,718.1893533738051,432.04166993491936,508.48549033901577,308.3500000348631,232.9780000650779,536.0914019526855,301.5289031436388,506.49939399115283,593.9748259427776
96000000,426.655072,749.5091127999999,232.978,232.978,615.29625163,274.09,256.48366880000003,727.5604225599999,489.62320886000003,274.09,366.54028595,502.59132434,244.34853346,232.978,293.86851673,718.1893504,432.0416692,510.22622846,308.35,232.978,536.0914,301.69798215,506.4993928,594.71985385
97000000,426.65506910060697,749.5091096292031,232.9779999362639,232.9779999362639,615.6123870271143,274.08999993171136,256.48366825731273,733.9577661161916,491.7686051520389,274.08999993171136,367.427242508477,503.39827744822037,247.32103085463825,232.9779999362639,294.1692441901387,718.1893474875104,432.04166848023374,511.931075044918,308.34999996585566,232.9779999362639,536.0913980875761,301.86357498852146,506.4993916334071,595.4495203449112
98000000,426.65507486980744,751.2330099247592,232.97800006308574,232.97800006308574,614.1981828338627,274.0900000675918,256.48366933714965,740.2245692904374,493.8702194923829,274.0900000675918,368.2960947323756,504.18876931260223,250.23286471989343,232.97800006308574,294.46383655053285,718.1893532827703,432.04166991242187,513.6011404152961,308.3500000337959,232.97800006308574,536.0914018929094,302.0257906024815,506.4993939546889,596.1643018317902
99000000,426.655072,751.1910292,232.978,232.978,614.1981808,274.09,256.4836688,729.796743170909,502.65011684363634,274.09,369.1473975272728,517.5360061963636,250.8864256,232.978,294.7524753745455,718.1893503999999,432.0416692,515.2374556218182,308.35,232.978,536.0914,302.1847269333333,506.4993928,596.8646372
100000000,426.65506918758877,751.0493040090925,232.97799993817597,232.97799993817597,614.1981788068146,274.08999993376005,256.48366827359337,714.7527952055777,513.2115265917478,274.08999993376005,369.98167425278723,534.277534128862,250.88642518422122,232.97799993817597,295.0353414175058,718.1893475748852,432.0416685018267,516.8410444982907,308.34999996688,232.97799993817597,536.0913981449488,302.3404845350505,506.4993916684048,597.5509658497523
